{
    "Afghanistan": [
        "Badakhshan",
        "Badghis",
        "Baghlan",
        "Balkh",
        "Bamyan",
        "Daykundi",
        "Farah",
        "Faryab",
        "Ghazni",
        "Ghowr",
        "Helmand",
        "Herat",
        "Jowzjan",
        "Kabul",
        "Kandahar",
        "Khowst",
        "Kunar",
        "Kunduz",
        "Laghman",
        "Logar",
        "Nangarhar",
        "Nimroz",
        "Paktia",
        "Panjshir",
        "Parwan",
        "Samangan",
        "Sar-e Pol Province",
        "Takhar"
    ],
    "Albania": [
        "Berat County",
        "Diber County",
        "Durres County",
        "Elbasan County",
        "Fier County",
        "Gjirokaster County",
        "Korce County",
        "Kukes County",
        "Lezhe County",
        "Shkoder County",
        "Tirana",
        "Vlore County"
    ],
    "Algeria": [
        "Adrar",
        "Ain Defla",
        "Ain Temouchent",
        "Algiers",
        "Annaba",
        "Batna",
        "Bechar",
        "Bejaia",
        "Biskra",
        "Blida",
        "Bordj Bou Arreridj",
        "Bouira",
        "Boumerdes",
        "Chlef",
        "Constantine",
        "Djelfa",
        "El Bayadh",
        "El Menia",
        "El Mghair",
        "El Oued",
        "El Tarf",
        "Ghardaia",
        "Guelma",
        "In Salah",
        "Jijel",
        "Khenchela",
        "Laghouat",
        "M'Sila",
        "Mascara",
        "Medea",
        "Mila",
        "Mostaganem",
        "Naama",
        "Oran",
        "Ouargla",
        "Ouled Djellal",
        "Oum el Bouaghi",
        "Relizane",
        "Saida",
        "Setif",
        "Sidi Bel Abbes",
        "Skikda",
        "Souk Ahras",
        "Tamanrasset",
        "Tebessa",
        "Tiaret",
        "Timimoun",
        "Tindouf",
        "Tipaza",
        "Tissemsilt",
        "Tizi Ouzou",
        "Tlemcen",
        "Touggourt"
    ],
    "American Samoa": [
        "Eastern District"
    ],
    "Andorra": [
        "Andorra la Vella",
        "Escaldes-Engordany"
    ],
    "Angola": [
        "Bengo",
        "Benguela",
        "Bie",
        "Cabinda",
        "Cuando Cobango",
        "Cuanza Norte",
        "Cunene",
        "Huambo",
        "Huila",
        "Kwanza Sul",
        "Luanda",
        "Luanda Norte",
        "Lunda Sul",
        "Malanje",
        "Moxico",
        "Namibe",
        "Uige",
        "Zaire"
    ],
    "Anguilla": [
        "The Valley"
    ],
    "Antigua and Barbuda": [
        "Saint John Parish"
    ],
    "Argentina": [
        "Buenos Aires",
        "Buenos Aires F.D.",
        "Catamarca",
        "Chaco",
        "Chubut",
        "Cordoba",
        "Corrientes",
        "Entre Rios",
        "Formosa",
        "Jujuy",
        "La Pampa",
        "La Rioja",
        "Mendoza",
        "Misiones",
        "Neuquen",
        "Rio Negro",
        "Salta",
        "San Juan",
        "San Luis",
        "Santa Cruz",
        "Santa Fe",
        "Santiago del Estero",
        "Tierra del Fuego",
        "Tucuman"
    ],
    "Armenia": [
        "Aragatsotn",
        "Ararat",
        "Armavir",
        "Gegharkunik",
        "Kotayk",
        "Lori",
        "Shirak",
        "Syunik",
        "Tavush",
        "Yerevan"
    ],
    "Aruba": [],
    "Australia": [
        "Australian Capital Territory",
        "New South Wales",
        "Northern Territory",
        "Queensland",
        "South Australia",
        "Tasmania",
        "Victoria",
        "Western Australia"
    ],
    "Austria": [
        "Carinthia",
        "Lower Austria",
        "Salzburg",
        "Styria",
        "Tyrol",
        "Upper Austria",
        "Vienna",
        "Vorarlberg"
    ],
    "Azerbaijan": [
        "Abseron",
        "Agdam",
        "Agdas",
        "Aghjabadi Rayon",
        "Agsu District",
        "Astara",
        "Baki",
        "Barda",
        "Beylaqan",
        "Bilasuvar District",
        "Fuzuli District",
        "Ganja City",
        "Goeycay",
        "Goygol Rayon",
        "Haciqabul",
        "Imisli",
        "Ismayilli District",
        "Jalilabad",
        "Kurdamir District",
        "Lankaran",
        "Lerik District",
        "Mingacevir City",
        "Nakhichevan ASSR",
        "Neftcala",
        "Qazax",
        "Quba",
        "Qusar District",
        "Saatli",
        "Sabirabad District",
        "Salyan District",
        "Samaxi",
        "Shabran",
        "Shaki City",
        "Shamkir Rayon",
        "Shirvan",
        "Shusha",
        "Sumqayit",
        "Tartar District",
        "Tovuz District",
        "Ucar",
        "Xacmaz",
        "Yevlax City",
        "Zaqatala District"
    ],
    "Bahamas": [
        "Freeport",
        "New Providence"
    ],
    "Bahrain": [
        "Manama",
        "Muharraq",
        "Northern",
        "Southern Governorate"
    ],
    "Bangladesh": [
        "Barisal Division",
        "Chittagong",
        "Dhaka Division",
        "Khulna Division",
        "Mymensingh Division",
        "Rajshahi Division",
        "Rangpur Division",
        "Sylhet Division"
    ],
    "Barbados": [
        "Saint Michael"
    ],
    "Belarus": [
        "Brest",
        "Gomel Oblast",
        "Grodnenskaya",
        "Minsk",
        "Minsk City",
        "Mogilev",
        "Vitebsk"
    ],
    "Belgium": [
        "Brussels Capital",
        "Flanders",
        "Wallonia"
    ],
    "Belize": [
        "Belize District",
        "Cayo District",
        "Orange Walk District"
    ],
    "Benin": [
        "Alibori",
        "Atakora",
        "Atlantique",
        "Borgou",
        "Collines",
        "Donga",
        "Kouffo",
        "Littoral",
        "Mono",
        "Oueme",
        "Plateau",
        "Zou"
    ],
    "Bermuda": [
        "Hamilton city"
    ],
    "Bhutan": [
        "Chukha",
        "Punakha",
        "Thimphu District",
        "Tsirang District"
    ],
    "Bolivia, Plurinational State of": [
        "Beni Department",
        "Chuquisaca Department",
        "Cochabamba",
        "La Paz Department",
        "Oruro",
        "Pando",
        "Potosi Department",
        "Santa Cruz Department",
        "Tarija Department"
    ],
    "Bonaire, Sint Eustatius and Saba": [
        "Bonaire"
    ],
    "Bosnia and Herzegovina": [
        "Brcko",
        "Federation of B&H",
        "Srpska"
    ],
    "Botswana": [
        "Central",
        "City of Francistown",
        "Gaborone",
        "Ghanzi",
        "Jwaneng",
        "Kgatleng",
        "Kweneng",
        "Lobatse",
        "Ngwaketsi",
        "North-West",
        "Selibe Phikwe",
        "South-East"
    ],
    "Brazil": [
        "Acre",
        "Alagoas",
        "Amapa",
        "Amazonas",
        "Bahia",
        "Ceara",
        "Espirito Santo",
        "Federal District",
        "Goias",
        "Maranhao",
        "Mato Grosso",
        "Mato Grosso do Sul",
        "Minas Gerais",
        "Para",
        "Paraiba",
        "Parana",
        "Pernambuco",
        "Piaui",
        "Rio Grande do Norte",
        "Rio Grande do Sul",
        "Rio de Janeiro",
        "Rondonia",
        "Roraima",
        "Santa Catarina",
        "Sao Paulo",
        "Sergipe",
        "Tocantins"
    ],
    "Brunei Darussalam": [
        "Belait",
        "Brunei-Muara District",
        "Tutong"
    ],
    "Bulgaria": [
        "Blagoevgrad",
        "Burgas",
        "Dobrich",
        "Gabrovo",
        "Haskovo",
        "Kardzhali",
        "Kyustendil",
        "Lovech",
        "Montana",
        "Pazardzhik",
        "Pernik",
        "Pleven",
        "Plovdiv",
        "Razgrad",
        "Ruse",
        "Shumen",
        "Silistra",
        "Sliven",
        "Smolyan",
        "Sofia",
        "Sofia-Capital",
        "Stara Zagora",
        "Targovishte",
        "Varna",
        "Veliko Tarnovo",
        "Vidin",
        "Vratsa",
        "Yambol"
    ],
    "Burkina Faso": [
        "Boucle du Mouhoun",
        "Cascades Region",
        "Centre",
        "Centre-Est",
        "Centre-Nord",
        "Centre-Ouest",
        "Centre-Sud",
        "Est",
        "Hauts-Bassins",
        "Nord",
        "Plateau-Central",
        "Sahel",
        "Sud-Ouest"
    ],
    "Burundi": [
        "Bubanza",
        "Bujumbura Mairie",
        "Bujumbura Rural",
        "Cibitoke",
        "Gitega",
        "Karuzi",
        "Kayanza",
        "Kirundo",
        "Ngozi",
        "Rumonge"
    ],
    "Cabo Verde": [
        "Praia",
        "Sal",
        "Santa Catarina",
        "Sao Vicente"
    ],
    "Cambodia": [
        "Banteay Meanchey",
        "Battambang",
        "Kampong Cham",
        "Kampong Chhnang",
        "Kampong Speu Province",
        "Kampong Thom",
        "Kampot",
        "Kandal",
        "Koh Kong",
        "Kratie",
        "Otar Meanchey",
        "Pailin",
        "Phnom Penh",
        "Preah Sihanouk",
        "Preah Vihear",
        "Prey Veng",
        "Pursat",
        "Ratanakiri",
        "Siem Reap",
        "Stung Treng",
        "Svay Rieng",
        "Takeo",
        "Tboung Khmum"
    ],
    "Cameroon": [
        "Adamaoua",
        "Centre",
        "East",
        "Far North",
        "Littoral",
        "North",
        "North-West",
        "South",
        "South-West",
        "West"
    ],
    "Canada": [
        "Alberta",
        "British Columbia",
        "Manitoba",
        "New Brunswick",
        "Newfoundland and Labrador",
        "Northwest Territories",
        "Nova Scotia",
        "Ontario",
        "Prince Edward Island",
        "Quebec",
        "Saskatchewan",
        "Yukon"
    ],
    "Cayman Islands": [
        "George Town",
        "West Bay"
    ],
    "Central African Republic": [
        "Bamingui-Bangoran",
        "Bangui",
        "Basse-Kotto",
        "Haut-Mbomou",
        "Haute-Kotto",
        "Kemo",
        "Lim-Pende",
        "Lobaye",
        "Mambere",
        "Mambere-Kadei",
        "Mbomou",
        "Nana-Grebizi",
        "Nana-Mambere",
        "Ombella-M'Poko",
        "Ouaka",
        "Ouham",
        "Ouham-Fafa",
        "Ouham-Pende",
        "Sangha-Mbaere"
    ],
    "Chad": [
        "Barh el Gazel",
        "Batha",
        "Borkou",
        "Chari-Baguirmi",
        "Ennedi-Est",
        "Ennedi-Ouest",
        "Guera",
        "Hadjer-Lamis",
        "Kanem",
        "Lac",
        "Logone Occidental",
        "Logone Oriental",
        "Mandoul",
        "Mayo-Kebbi Est",
        "Mayo-Kebbi Ouest",
        "Moyen-Chari",
        "N'Djamena",
        "Ouadai",
        "Salamat",
        "Sila",
        "Tandjile",
        "Wadi Fira"
    ],
    "Chile": [
        "Antofagasta",
        "Araucania",
        "Arica y Parinacota Region",
        "Atacama",
        "Aysen",
        "Biobio",
        "Coquimbo Region",
        "Los Lagos Region",
        "Los Rios Region",
        "Maule Region",
        "Nuble",
        "O'Higgins Region",
        "Region of Magallanes",
        "Santiago Metropolitan",
        "Tarapaca",
        "Valparaiso"
    ],
    "China": [
        "Anhui",
        "Beijing",
        "Chongqing",
        "Fujian",
        "Gansu",
        "Guangdong",
        "Guangxi",
        "Guizhou",
        "Hainan",
        "Hebei",
        "Heilongjiang",
        "Henan",
        "Hubei",
        "Hunan",
        "Inner Mongolia",
        "Jiangsu",
        "Jiangxi",
        "Jilin",
        "Liaoning",
        "Ningxia",
        "Qinghai",
        "Shaanxi",
        "Shandong",
        "Shanghai",
        "Shanxi",
        "Sichuan",
        "Tianjin",
        "Tibet",
        "Xinjiang",
        "Yunnan",
        "Zhejiang"
    ],
    "Christmas Island": [],
    "Cocos (Keeling) Islands": [],
    "Colombia": [
        "Amazonas Department",
        "Antioquia",
        "Arauca Department",
        "Atlantico",
        "Bogota D.C.",
        "Bolivar",
        "Boyaca",
        "Caldas Department",
        "Caqueta",
        "Casanare Department",
        "Cauca Department",
        "Cesar Department",
        "Choco",
        "Cordoba",
        "Cundinamarca",
        "Guaviare Department",
        "Huila Department",
        "La Guajira Department",
        "Magdalena Department",
        "Meta Department",
        "Narino",
        "Norte de Santander Department",
        "Putumayo Department",
        "Quindio Department",
        "Risaralda Department",
        "San Andres y Providencia",
        "Santander Department",
        "Sucre Department",
        "Tolima Department",
        "Valle del Cauca Department",
        "Vaupes",
        "Vichada Department"
    ],
    "Comoros": [
        "Anjouan",
        "Grande Comore",
        "Moheli"
    ],
    "Congo": [
        "Bouenza",
        "Brazzaville",
        "Cuvette",
        "Lekoumou",
        "Likouala",
        "Niari",
        "Plateaux",
        "Pointe-Noire",
        "Sangha"
    ],
    "Congo, The Democratic Republic of the": [
        "Bas-Congo",
        "Bas-Uele",
        "East Kasai",
        "Equateur",
        "Haut-Katanga",
        "Haut-Lomami",
        "Haut-Uele",
        "Ituri",
        "Kasai",
        "Kasai-Central",
        "Kinshasa",
        "Kwango",
        "Kwilu",
        "Lomami",
        "Lualaba",
        "Mai-Ndombe",
        "Maniema",
        "Mongala",
        "Nord-Ubangi",
        "North Kivu",
        "Sankuru",
        "South Kivu",
        "Sud-Ubangi",
        "Tanganyika",
        "Tshopo",
        "Tshuapa"
    ],
    "Cook Islands": [
        "Rarotonga"
    ],
    "Costa Rica": [
        "Alajuela Province",
        "Cartago Province",
        "Guanacaste Province",
        "Heredia Province",
        "Limon Province",
        "Puntarenas Province",
        "San Jose"
    ],
    "Croatia": [
        "Bjelovar-Bilogora",
        "Brod-Posavina",
        "County of Osijek-Baranja",
        "Dubrovnik-Neretva",
        "Istria",
        "Karlovac",
        "Koprivnica-Krizevci",
        "Megimurje",
        "Pozega-Slavonia",
        "Primorje-Gorski Kotar",
        "Sibenik-Knin",
        "Sisak-Moslavina",
        "Split-Dalmatia",
        "Varazdin",
        "Vukovar-Srijem",
        "Zadar",
        "Zagreb",
        "Zagreb County"
    ],
    "Cuba": [
        "Artemisa",
        "Camaguey",
        "Ciego de Avila Province",
        "Cienfuegos Province",
        "Granma Province",
        "Guantanamo Province",
        "Havana",
        "Holguin Province",
        "Isla de la Juventud",
        "Las Tunas Province",
        "Matanzas Province",
        "Mayabeque",
        "Pinar del Rio",
        "Sancti Spiritus Province",
        "Santiago de Cuba Province",
        "Villa Clara Province"
    ],
    "Curaçao": [],
    "Cyprus": [
        "Ammochostos",
        "Keryneia",
        "Larnaka",
        "Limassol",
        "Nicosia",
        "Pafos"
    ],
    "Czechia": [
        "Central Bohemia",
        "Jihocesky kraj",
        "Karlovarsky kraj",
        "Kralovehradecky kraj",
        "Liberecky kraj",
        "Moravskoslezsky",
        "Olomoucky",
        "Pardubicky",
        "Plzen Region",
        "Prague",
        "South Moravian",
        "Ustecky kraj",
        "Vysocina",
        "Zlin"
    ],
    "Côte d'Ivoire": [
        "Abidjan Autonomous District",
        "Bas-Sassandra District",
        "Comoe District",
        "Denguele District",
        "Goh-Djiboua",
        "Lacs District",
        "Lagunes District",
        "Montagnes",
        "Sassandra-Marahoue",
        "Savanes District",
        "Vallee du Bandama District",
        "Woroba",
        "Zanzan District"
    ],
    "Denmark": [
        "Capital Region",
        "Central Jutland",
        "North Denmark",
        "South Denmark",
        "Zealand"
    ],
    "Djibouti": [
        "Ali Sabieh",
        "Arta",
        "Dikhil",
        "Djibouti",
        "Obock",
        "Tadjourah"
    ],
    "Dominica": [
        "Saint George Parish"
    ],
    "Dominican Republic": [
        "Azua Province",
        "Baoruco Province",
        "Barahona Province",
        "Dajabon",
        "Duarte Province",
        "El Seibo",
        "Espaillat Province",
        "Hato Mayor Province",
        "Hermanas Mirabal",
        "La Altagracia Province",
        "La Romana",
        "La Vega",
        "Maria Trinidad Sanchez",
        "Monsenor Nouel",
        "Monte Cristi Province",
        "Monte Plata Province",
        "Nacional",
        "Peravia",
        "Puerto Plata",
        "San Cristobal",
        "San Jose de Ocoa",
        "San Juan Province",
        "San Pedro de Macoris",
        "Sanchez Ramirez",
        "Santiago Province",
        "Santiago Rodriguez",
        "Santo Domingo Province",
        "Valverde Province"
    ],
    "Ecuador": [
        "Azuay",
        "Bolivar",
        "Canar",
        "Carchi",
        "Chimborazo Province",
        "Cotopaxi",
        "El Oro",
        "Esmeraldas",
        "Guayas",
        "Imbabura",
        "Loja",
        "Los Rios",
        "Manabi",
        "Morona-Santiago Province",
        "Napo",
        "Orellana Province",
        "Pastaza Province",
        "Pichincha",
        "Santa Elena",
        "Santo Domingo de los Tsachilas",
        "Sucumbios",
        "Tungurahua Province",
        "Zamora Chinchipe"
    ],
    "Egypt": [
        "Alexandria",
        "Aswan",
        "Asyut",
        "Beheira",
        "Beni Suweif",
        "Cairo",
        "Dakahlia",
        "Damietta",
        "Faiyum",
        "Gharbia",
        "Giza",
        "Ismailia",
        "Kafr el-Sheikh",
        "Luxor",
        "Matruh",
        "Minya",
        "Monufia",
        "New Valley",
        "North Sinai",
        "Port Said",
        "Qalyubia",
        "Qena",
        "Red Sea",
        "Sharqia",
        "Sohag",
        "South Sinai",
        "Suez"
    ],
    "El Salvador": [
        "Ahuachapan",
        "Cabanas",
        "Chalatenango Department",
        "Cuscatlan",
        "La Libertad Department",
        "La Paz Department",
        "La Union",
        "Morazan",
        "San Miguel Department",
        "San Salvador Department",
        "San Vicente Department",
        "Santa Ana Department",
        "Sonsonate Department",
        "Usulutan"
    ],
    "Equatorial Guinea": [
        "Bioko Norte",
        "Kie-Ntem",
        "Litoral"
    ],
    "Eritrea": [
        "Anseba",
        "Debub",
        "Gash-Barka",
        "Maekel",
        "Northern Red Sea",
        "Southern Red Sea"
    ],
    "Estonia": [
        "Harjumaa",
        "Ida-Virumaa",
        "Paernumaa",
        "Tartu",
        "Viljandimaa"
    ],
    "Eswatini": [
        "Hhohho Region",
        "Manzini Region"
    ],
    "Ethiopia": [
        "Addis Ababa",
        "Afar",
        "Amhara",
        "Binshangul Gumuz",
        "Central Ethiopia Regional State",
        "Dire Dawa",
        "Gambela",
        "Harari",
        "Oromiya",
        "Sidama Region",
        "Somali",
        "South Ethiopia Regional State",
        "South West Ethiopia Peoples' Region",
        "Tigray"
    ],
    "Falkland Islands (Malvinas)": [],
    "Faroe Islands": [
        "Streymoy"
    ],
    "Fiji": [
        "Central",
        "Northern",
        "Western"
    ],
    "Finland": [
        "Central Finland",
        "Central Ostrobothnia",
        "Kainuu",
        "Kanta-Haeme",
        "Kymenlaakso",
        "Lapland",
        "North Karelia",
        "North Ostrobothnia",
        "North Savo",
        "Ostrobothnia",
        "Paijat-Hame",
        "Pirkanmaa",
        "Satakunta",
        "South Karelia",
        "South Ostrobothnia",
        "South Savo",
        "Southwest Finland",
        "Uusimaa"
    ],
    "France": [
        "Bourgogne",
        "Brittany",
        "Centre",
        "Corsica",
        "Grand Est",
        "Hauts-de-France",
        "Ile-de-France",
        "Normandy",
        "Nouvelle-Aquitaine",
        "Occitanie",
        "Pays de la Loire",
        "Provence-Alpes-Cote d'Azur",
        "Rhone-Alpes"
    ],
    "French Guiana": [
        "Guyane"
    ],
    "French Polynesia": [
        "Iles du Vent"
    ],
    "French Southern Territories": [
        "Kerguelen"
    ],
    "Gabon": [
        "Estuaire",
        "Haut-Ogooue",
        "Moyen-Ogooue",
        "Ngouni",
        "Nyanga",
        "Ogooue-Ivindo",
        "Ogooue-Lolo",
        "Ogooue-Maritime",
        "Woleu-Ntem"
    ],
    "Gambia": [
        "Banjul",
        "Lower River",
        "North Bank",
        "Upper River",
        "Western"
    ],
    "Georgia": [
        "Abkhazia",
        "Adjara",
        "Imereti",
        "Kakheti",
        "Kvemo Kartli",
        "Samegrelo and Zemo Svaneti",
        "Samtskhe-Javakheti",
        "Shida Kartli",
        "Tbilisi"
    ],
    "Germany": [
        "Baden-Wurttemberg",
        "Bavaria",
        "Brandenburg",
        "City state Bremen",
        "Hamburg",
        "Hesse",
        "Lower Saxony",
        "Mecklenburg-Vorpommern",
        "North Rhine-Westphalia",
        "Rheinland-Pfalz",
        "Saarland",
        "Saxony",
        "Saxony-Anhalt",
        "Schleswig-Holstein",
        "State of Berlin",
        "Thuringia"
    ],
    "Ghana": [
        "Ahafo",
        "Ashanti",
        "Bono",
        "Bono East",
        "Central",
        "Eastern",
        "Greater Accra",
        "North East",
        "Northern",
        "Oti",
        "Savannah",
        "Upper East",
        "Upper West",
        "Volta",
        "Western",
        "Western North"
    ],
    "Gibraltar": [],
    "Greece": [
        "Attica",
        "Central Greece",
        "Central Macedonia",
        "Crete",
        "East Macedonia and Thrace",
        "Epirus",
        "Ionian Islands",
        "North Aegean",
        "Peloponnese",
        "South Aegean",
        "Thessaly",
        "West Greece",
        "West Macedonia"
    ],
    "Greenland": [
        "Sermersooq"
    ],
    "Grenada": [
        "Saint George Parish"
    ],
    "Guadeloupe": [
        "Guadeloupe"
    ],
    "Guam": [
        "Dededo",
        "Hagatna",
        "Mangilao",
        "Tamuning",
        "Yigo"
    ],
    "Guatemala": [
        "Alta Verapaz",
        "Baja Verapaz",
        "Chimaltenango",
        "Chiquimula",
        "El Progreso",
        "Escuintla",
        "Guatemala",
        "Huehuetenango",
        "Izabal Department",
        "Jalapa",
        "Jutiapa",
        "Peten",
        "Quetzaltenango",
        "Quiche",
        "Retalhuleu",
        "Sacatepequez",
        "San Marcos",
        "Santa Rosa Department",
        "Solola",
        "Suchitepeque",
        "Totonicapan",
        "Zacapa"
    ],
    "Guernsey": [
        "St Peter Port"
    ],
    "Guinea": [
        "Boke Region",
        "Conakry",
        "Faranah",
        "Kankan Region",
        "Kindia",
        "Labe Region",
        "Mamou Region",
        "Nzerekore Region"
    ],
    "Guinea-Bissau": [
        "Bafata",
        "Bissau",
        "Gabu"
    ],
    "Guyana": [
        "Demerara-Mahaica",
        "East Berbice-Corentyne",
        "Upper Demerara-Berbice"
    ],
    "Haiti": [
        "Artibonite",
        "Centre",
        "Grand'Anse",
        "Nippes",
        "Nord",
        "Nord-Ouest",
        "Ouest",
        "Sud",
        "Sud-Est"
    ],
    "Holy See (Vatican City State)": [],
    "Honduras": [
        "Atlantida Department",
        "Choluteca Department",
        "Colon Department",
        "Comayagua Department",
        "Copan Department",
        "Cortes Department",
        "El Paraiso Department",
        "Francisco Morazan Department",
        "La Paz Department",
        "Olancho Department",
        "Santa Barbara Department",
        "Valle Department",
        "Yoro Department"
    ],
    "Hong Kong": [
        "Central and Western",
        "Eastern District",
        "Islands",
        "Kowloon City",
        "Kwai Tsing District",
        "Kwun Tong District",
        "North District",
        "Sai Kung District",
        "Sha Tin",
        "Sham Shui Po District",
        "Southern District",
        "Tai Po",
        "Tsuen Wan",
        "Tuen Mun",
        "Wan Chai",
        "Wong Tai Sin District",
        "Yau Tsim Mong District",
        "Yuen Long"
    ],
    "Hungary": [
        "Bacs-Kiskun",
        "Baranya",
        "Bekes County",
        "Borsod-Abauj-Zemplen",
        "Budapest",
        "Csongrad",
        "Fejer",
        "Gyor-Moson-Sopron",
        "Hajdu-Bihar",
        "Heves County",
        "Jasz-Nagykun-Szolnok",
        "Komarom-Esztergom",
        "Nograd",
        "Pest County",
        "Somogy County",
        "Szabolcs-Szatmar-Bereg",
        "Tolna County",
        "Vas County",
        "Veszprem",
        "Zala County"
    ],
    "Iceland": [
        "Capital Region",
        "Northeast",
        "Southern Peninsula"
    ],
    "India": [
        "Andaman and Nicobar",
        "Andhra Pradesh",
        "Arunachal Pradesh",
        "Assam",
        "Bihar",
        "Chandigarh",
        "Chhattisgarh",
        "Dadra and Nagar Haveli and Daman and Diu",
        "Delhi",
        "Goa",
        "Gujarat",
        "Haryana",
        "Himachal Pradesh",
        "Jammu and Kashmir",
        "Jharkhand",
        "Karnataka",
        "Kerala",
        "Ladakh",
        "Madhya Pradesh",
        "Maharashtra",
        "Manipur",
        "Meghalaya",
        "Mizoram",
        "Nagaland",
        "Odisha",
        "Puducherry",
        "Punjab",
        "Rajasthan",
        "Sikkim",
        "Tamil Nadu",
        "Telangana",
        "Tripura",
        "Uttar Pradesh",
        "Uttarakhand",
        "West Bengal"
    ],
    "Indonesia": [
        "Aceh",
        "Bali",
        "Bangka-Belitung Islands",
        "Banten",
        "Bengkulu",
        "Central Java",
        "Central Kalimantan",
        "Central Papua",
        "Central Sulawesi",
        "East Java",
        "East Kalimantan",
        "East Nusa Tenggara",
        "Gorontalo",
        "Highland Papua",
        "Jakarta",
        "Jambi",
        "Lampung",
        "Maluku",
        "North Kalimantan",
        "North Maluku",
        "North Sulawesi",
        "North Sumatra",
        "Papua",
        "Riau",
        "Riau Islands",
        "South Kalimantan",
        "South Papua",
        "South Sulawesi",
        "South Sumatra",
        "Southeast Sulawesi",
        "Southwest Papua",
        "West Java",
        "West Kalimantan",
        "West Nusa Tenggara",
        "West Papua",
        "West Sulawesi",
        "West Sumatra",
        "Yogyakarta"
    ],
    "Iran, Islamic Republic of": [
        "Alborz Province",
        "Ardabil Province",
        "Bushehr",
        "Chaharmahal and Bakhtiari",
        "East Azerbaijan",
        "Fars",
        "Gilan Province",
        "Golestan",
        "Hamadan Province",
        "Hormozgan",
        "Ilam Province",
        "Isfahan",
        "Kerman",
        "Kermanshah Province",
        "Khuzestan",
        "Kohgiluyeh and Boyer-Ahmad",
        "Kurdistan Province",
        "Lorestan Province",
        "Markazi",
        "Mazandaran",
        "North Khorasan",
        "Qazvin Province",
        "Qom Province",
        "Razavi Khorasan",
        "Semnan",
        "Sistan and Baluchestan",
        "South Khorasan Province",
        "Tehran",
        "West Azerbaijan",
        "Yazd Province",
        "Zanjan"
    ],
    "Iraq": [
        "Al Anbar",
        "Al Muthanna Governorate",
        "Al Qadisiyah",
        "An Najaf",
        "Babil",
        "Baghdad",
        "Basra",
        "Dhi Qar",
        "Diyala",
        "Duhok",
        "Erbil",
        "Kirkuk",
        "Maysan",
        "Muhafazat Karbala'",
        "Nineveh",
        "Salah ad Din",
        "Sulaymaniyah",
        "Wasit"
    ],
    "Ireland": [
        "Connacht",
        "Leinster",
        "Munster",
        "Ulster"
    ],
    "Isle of Man": [
        "Douglas"
    ],
    "Israel": [
        "Central District",
        "Haifa",
        "Jerusalem",
        "Judea and Samaria Area",
        "Northern District",
        "Southern District",
        "Tel Aviv"
    ],
    "Italy": [
        "Abruzzo",
        "Aosta Valley",
        "Apulia",
        "Basilicate",
        "Calabria",
        "Campania",
        "Emilia-Romagna",
        "Friuli Venezia Giulia",
        "Lazio",
        "Liguria",
        "Lombardy",
        "Molise",
        "Piedmont",
        "Sardinia",
        "Sicily",
        "The Marches",
        "Trentino-Alto Adige",
        "Tuscany",
        "Umbria",
        "Veneto"
    ],
    "Jamaica": [
        "Clarendon",
        "Kingston",
        "Manchester",
        "Saint Andrew Parish",
        "Saint Catherine Parish",
        "Saint James Parish",
        "Westmoreland"
    ],
    "Japan": [
        "Aichi",
        "Akita",
        "Aomori",
        "Chiba",
        "Ehime",
        "Fukui",
        "Fukuoka",
        "Fukushima",
        "Gifu",
        "Gunma",
        "Hiroshima",
        "Hokkaido",
        "Hyogo",
        "Ibaraki",
        "Ishikawa",
        "Iwate",
        "Kagawa",
        "Kagoshima",
        "Kanagawa",
        "Kochi",
        "Kumamoto",
        "Kyoto",
        "Mie",
        "Miyagi",
        "Miyazaki",
        "Nagano",
        "Nagasaki",
        "Nara",
        "Niigata",
        "Oita",
        "Okayama",
        "Okinawa",
        "Osaka",
        "Saga",
        "Saitama",
        "Shiga",
        "Shimane",
        "Shizuoka",
        "Tochigi",
        "Tokushima",
        "Tokyo",
        "Tottori",
        "Toyama",
        "Wakayama",
        "Yamagata",
        "Yamaguchi",
        "Yamanashi"
    ],
    "Jersey": [
        "St Helier"
    ],
    "Jordan": [
        "Ajlun",
        "Amman",
        "Aqaba",
        "Balqa",
        "Irbid",
        "Jerash",
        "Karak",
        "Ma'an",
        "Madaba",
        "Mafraq",
        "Tafielah",
        "Zarqa"
    ],
    "Kazakhstan": [
        "Abai Region",
        "Aktyubinskaya Oblast'",
        "Almaty",
        "Almaty Region",
        "Aqmola",
        "Astana",
        "Atyrau Oblisi",
        "Baikonur",
        "Batys Qazaqstan",
        "East Kazakhstan",
        "Jetisu Region",
        "Karaganda",
        "Mangghystau",
        "North Kazakhstan",
        "Pavlodar Region",
        "Qostanay",
        "Qyzylorda",
        "Shymkent",
        "Turkistan",
        "Ulytau Region",
        "Zhambyl"
    ],
    "Kenya": [
        "Baringo",
        "Bungoma County",
        "Busia County",
        "Embu County",
        "Garissa County",
        "Homa Bay County",
        "Isiolo County",
        "Kajiado County",
        "Kakamega County",
        "Kericho County",
        "Kiambu County",
        "Kilifi County",
        "Kirinyaga County",
        "Kisii County",
        "Kisumu County",
        "Kitui County",
        "Kwale County",
        "Laikipia",
        "Lamu",
        "Machakos County",
        "Makueni County",
        "Mandera County",
        "Marakwet District",
        "Marsabit County",
        "Meru County",
        "Migori County",
        "Mombasa County",
        "Murang'A",
        "Nairobi County",
        "Nakuru County",
        "Nandi",
        "Narok County",
        "Nyamira county",
        "Nyandarua County",
        "Nyeri County",
        "Samburu County",
        "Siaya County",
        "Taita Taveta",
        "Tana River County",
        "Tharaka - Nithi",
        "Trans Nzoia",
        "Turkana County",
        "Uasin Gishu County",
        "Vihiga County",
        "Wajir County",
        "West Pokot County"
    ],
    "Kiribati": [
        "Gilbert Islands"
    ],
    "Korea, Democratic People's Republic of": [
        "Chagang",
        "Kaesong",
        "Kangwon-do",
        "Nampo",
        "North Hamgyong",
        "North Hwanghae",
        "P'yongan-bukto",
        "Pyongyang",
        "Rason",
        "South Hamgyong",
        "South Hwanghae",
        "South Pyongan",
        "Yanggang-do"
    ],
    "Korea, Republic of": [
        "Busan",
        "Chungcheongnam-do",
        "Daegu",
        "Daejeon",
        "Gangwon-do",
        "Gwangju",
        "Gyeonggi-do",
        "Gyeongsangbuk-do",
        "Gyeongsangnam-do",
        "Incheon",
        "Jeju-do",
        "Jeollabuk-do",
        "Jeollanam-do",
        "North Chungcheong",
        "Sejong-si",
        "Seoul",
        "Ulsan"
    ],
    "Kuwait": [
        "Al Ahmadi",
        "Al Asimah",
        "Al Farwaniyah",
        "Al Jahra Governorate",
        "Hawalli",
        "Mubarak al Kabir"
    ],
    "Kyrgyzstan": [
        "Batken",
        "Bishkek",
        "Chuy Region",
        "Issyk-Kul",
        "Jalal-Abad Region",
        "Naryn Region",
        "Osh Region",
        "Talas Region"
    ],
    "Lao People's Democratic Republic": [
        "Bokeo",
        "Bolikhamsai",
        "Champasak Province",
        "Houaphan",
        "Khammouane Province",
        "Loungnamtha",
        "Luang Prabang Province",
        "Oudomxai",
        "Savannakhet Province",
        "Vientiane",
        "Vientiane Prefecture",
        "Xekong",
        "Xiangkhoang"
    ],
    "Latvia": [
        "Daugavpils",
        "Jekabpils Municipality",
        "Jelgava",
        "Jurmala",
        "Liepaja",
        "Marupe",
        "Ogre",
        "Rezekne",
        "Riga",
        "Salaspils Municipality",
        "Tukums Municipality",
        "Valmiera",
        "Ventspils"
    ],
    "Lebanon": [
        "Baalbek-Hermel Governorate",
        "Beqaa",
        "Beyrouth",
        "Liban-Nord",
        "Mont-Liban",
        "Nabatiye",
        "South Governorate"
    ],
    "Lesotho": [
        "Berea",
        "Butha-Buthe",
        "Leribe",
        "Mafeteng District",
        "Maseru District",
        "Mohale's Hoek District",
        "Qacha's Nek District",
        "Quthing",
        "Thaba-Tseka"
    ],
    "Liberia": [
        "Bomi County",
        "Bong County",
        "Grand Bassa County",
        "Grand Gedeh County",
        "Lofa County",
        "Margibi County",
        "Maryland County",
        "Montserrado County",
        "Nimba",
        "Sinoe County"
    ],
    "Libya": [
        "Al Butnan",
        "Al Jabal al Akhdar",
        "Al Jafarah",
        "Al Jufrah",
        "Al Kufrah",
        "Al Marj",
        "Al Marqab",
        "Al Wahat",
        "An Nuqat al Khams",
        "Az Zawiyah",
        "Banghazi",
        "Darnah",
        "Jabal al Gharbi",
        "Misratah",
        "Murzuq District",
        "Nalut",
        "Sabha District",
        "Surt",
        "Tripoli",
        "Wadi al Hayat",
        "Wadi ash Shati'"
    ],
    "Liechtenstein": [
        "Vaduz"
    ],
    "Lithuania": [
        "Alytus",
        "Kaunas",
        "Klaipeda County",
        "Marijampole County",
        "Panevezys",
        "Siauliai",
        "Taurage County",
        "Telsiai",
        "Utena",
        "Vilnius"
    ],
    "Luxembourg": [
        "Esch-sur-Alzette",
        "Luxembourg"
    ],
    "Macao": [
        "Nossa Senhora do Carmo",
        "Sao Francisco Xavier"
    ],
    "Madagascar": [
        "Alaotra Mangoro",
        "Amoron'i Mania",
        "Analamanga",
        "Analanjirofo",
        "Androy",
        "Anosy",
        "Atsimo-Andrefana",
        "Atsimo-Atsinanana",
        "Atsinanana",
        "Betsiboka",
        "Boeny",
        "Bongolava",
        "Diana",
        "Fitovinany Region",
        "Ihorombe",
        "Itasy",
        "Melaky",
        "Menabe",
        "Sava",
        "Sofia",
        "Upper Matsiatra",
        "Vakinankaratra",
        "Vatovavy Region"
    ],
    "Malawi": [
        "Central Region",
        "Northern Region",
        "Southern Region"
    ],
    "Malaysia": [
        "Johor",
        "Kedah",
        "Kelantan",
        "Kuala Lumpur",
        "Labuan",
        "Melaka",
        "Negeri Sembilan",
        "Pahang",
        "Penang",
        "Perak",
        "Perlis",
        "Putrajaya",
        "Sabah",
        "Sarawak",
        "Selangor",
        "Terengganu"
    ],
    "Maldives": [
        "Kaafu Atoll"
    ],
    "Mali": [
        "Bamako",
        "Gao",
        "Kayes",
        "Kidal",
        "Koulikoro",
        "Mopti",
        "Segou",
        "Sikasso",
        "Tombouctou"
    ],
    "Malta": [
        "Birkirkara",
        "Haz-Zabbar",
        "Il-Mosta",
        "Qormi",
        "Saint Paul's Bay",
        "Tas-Sliema",
        "Valletta"
    ],
    "Marshall Islands": [
        "Majuro Atoll"
    ],
    "Martinique": [
        "Martinique"
    ],
    "Mauritania": [
        "Adrar",
        "Assaba",
        "Brakna",
        "Dakhlet Nouadhibou",
        "Gorgol",
        "Guidimaka",
        "Hodh Ech Chargi",
        "Hodh El Gharbi",
        "Inchiri",
        "Nouakchott Nord",
        "Nouakchott Ouest",
        "Tiris Zemmour",
        "Trarza"
    ],
    "Mauritius": [
        "Black River",
        "Flacq",
        "Grand Port",
        "Moka",
        "Pamplemousses",
        "Plaines Wilhems",
        "Port Louis",
        "Riviere du Rempart"
    ],
    "Mayotte": [
        "Dzaoudzi",
        "Koungou",
        "Mamoudzou"
    ],
    "Mexico": [
        "Aguascalientes",
        "Baja California",
        "Baja California Sur",
        "Campeche",
        "Chiapas",
        "Chihuahua",
        "Coahuila",
        "Colima",
        "Durango",
        "Guanajuato",
        "Guerrero",
        "Hidalgo",
        "Jalisco",
        "Mexico",
        "Mexico City",
        "Michoacan",
        "Morelos",
        "Nayarit",
        "Nuevo Leon",
        "Oaxaca",
        "Puebla",
        "Queretaro",
        "Quintana Roo",
        "San Luis Potosi",
        "Sinaloa",
        "Sonora",
        "Tabasco",
        "Tamaulipas",
        "Tlaxcala",
        "Veracruz",
        "Yucatan",
        "Zacatecas"
    ],
    "Micronesia, Federated States of": [
        "Pohnpei State"
    ],
    "Moldova, Republic of": [
        "Balti",
        "Bender Municipality",
        "Cahul",
        "Causeni",
        "Chisinau Municipality",
        "Drochia",
        "Floresti",
        "Gagauzia",
        "Hincesti",
        "Orhei",
        "Raionul Edinet",
        "Singerei",
        "Soroca District",
        "Straseni",
        "Transnistria",
        "Ungheni"
    ],
    "Monaco": [
        "Municipality of Monaco"
    ],
    "Mongolia": [
        "Arkhangai Province",
        "Bayan-OElgii Province",
        "Bayanhongor",
        "Bulgan",
        "Central Aimak",
        "Darhan Uul",
        "Dzabkhan",
        "East Aimak",
        "East Gobi Aymag",
        "Govi-Altai Province",
        "Hentiy",
        "Hovd",
        "Khoevsgoel Province",
        "OEmnoegovi",
        "OEvoerhangay",
        "Orhon",
        "Selenge Province",
        "Suhbaatar",
        "Ulaanbaatar",
        "Uvs Province"
    ],
    "Montenegro": [
        "Bar",
        "Bijelo Polje",
        "Budva",
        "Cetinje",
        "Herceg Novi",
        "Opstina Niksic",
        "Pljevlja",
        "Podgorica"
    ],
    "Montserrat": [
        "Saint Anthony",
        "Saint Peter"
    ],
    "Morocco": [
        "Beni Mellal-Khenifra",
        "Casablanca-Settat",
        "Draa-Tafilalet",
        "Fes-Meknes",
        "Guelmim-Oued Noun",
        "Laayoune-Sakia El Hamra",
        "Marrakesh-Safi",
        "Oriental",
        "Rabat-Sale-Kenitra",
        "Souss-Massa",
        "Tanger-Tetouan-Al Hoceima"
    ],
    "Mozambique": [
        "Cabo Delgado Province",
        "Gaza Province",
        "Inhambane Province",
        "Manica",
        "Maputo City",
        "Maputo Province",
        "Nampula",
        "Niassa Province",
        "Sofala",
        "Tete",
        "Zambezia Province"
    ],
    "Myanmar": [
        "Ayeyarwady",
        "Bago Region",
        "Chin State",
        "Kachin State",
        "Kayah State",
        "Kayin State",
        "Magway",
        "Mandalay Region",
        "Mon",
        "Nay Pyi Taw",
        "Rakhine",
        "Sagaing Region",
        "Shan State",
        "Tanintharyi Region",
        "Yangon"
    ],
    "Namibia": [],
    "Nauru": [
        "Yaren District"
    ],
    "Nepal": [
        "Bagmati Province",
        "Karnali Pradesh",
        "Koshi",
        "Lumbini Province",
        "Madhesh",
        "Province 4",
        "Sudurpashchim Pradesh"
    ],
    "Netherlands": [
        "Drenthe",
        "Flevoland",
        "Friesland",
        "Gelderland",
        "Groningen",
        "Limburg",
        "North Brabant",
        "North Holland",
        "Overijssel",
        "South Holland",
        "Utrecht",
        "Zeeland"
    ],
    "New Caledonia": [
        "South Province"
    ],
    "New Zealand": [
        "Auckland",
        "Bay of Plenty",
        "Canterbury",
        "Gisborne",
        "Hawke's Bay Region",
        "Manawatu-Wanganui",
        "Marlborough",
        "Nelson Region",
        "Northland",
        "Otago",
        "Southland",
        "Taranaki Region",
        "Tasman District",
        "Waikato Region",
        "Wellington Region"
    ],
    "Nicaragua": [
        "Boaco Department",
        "Carazo Department",
        "Chinandega Department",
        "Chontales Department",
        "Esteli Department",
        "Granada Department",
        "Jinotega Department",
        "Leon Department",
        "Madriz Department",
        "Managua Department",
        "Masaya Department",
        "Matagalpa Department",
        "North Caribbean Coast",
        "Nueva Segovia Department",
        "Rivas Department",
        "South Caribbean Coast"
    ],
    "Niger": [
        "Agadez",
        "Diffa",
        "Dosso Region",
        "Maradi Region",
        "Niamey",
        "Tahoua Region",
        "Tillaberi Region",
        "Zinder Region"
    ],
    "Nigeria": [
        "Abia State",
        "Adamawa",
        "Akwa Ibom State",
        "Anambra",
        "Bauchi",
        "Bayelsa State",
        "Benue State",
        "Borno State",
        "Cross River State",
        "Delta",
        "Ebonyi State",
        "Edo State",
        "Ekiti State",
        "Enugu State",
        "FCT",
        "Gombe State",
        "Imo State",
        "Jigawa State",
        "Kaduna State",
        "Kano State",
        "Katsina State",
        "Kebbi",
        "Kogi State",
        "Kwara State",
        "Lagos",
        "Nasarawa State",
        "Niger State",
        "Ogun State",
        "Ondo State",
        "Osun State",
        "Oyo State",
        "Plateau State",
        "Rivers State",
        "Sokoto",
        "Taraba State",
        "Yobe State",
        "Zamfara State"
    ],
    "Niue": [],
    "No country found for alpha-2 code: XK": [
        "Ferizaj",
        "Gjakova",
        "Gjilan",
        "Mitrovica",
        "Pec",
        "Pristina",
        "Prizren"
    ],
    "Norfolk Island": [],
    "North Macedonia": [
        "Bitola",
        "Bogovinje",
        "Brvenica",
        "Centar Zhupa",
        "Debar",
        "Delchevo",
        "Gevgelija",
        "Gostivar",
        "Grad Skopje",
        "Ilinden",
        "Kavadarci",
        "Kichevo",
        "Kochani",
        "Kriva Palanka",
        "Kumanovo",
        "Lipkovo",
        "Negotino",
        "Ohrid",
        "Prilep",
        "Radovish",
        "Resen",
        "Shtip",
        "Struga",
        "Strumica",
        "Studenichani",
        "Tearce",
        "Tetovo",
        "Veles",
        "Vinica",
        "Vrapchishte",
        "Zhelino"
    ],
    "Northern Mariana Islands": [
        "Saipan"
    ],
    "Norway": [
        "Agder",
        "Akershus",
        "Buskerud",
        "Finnmark",
        "Innlandet",
        "More og Romsdal",
        "Nordland",
        "Oslo",
        "Ostfold",
        "Rogaland",
        "Telemark",
        "Troms",
        "Trondelag",
        "Vestfold",
        "Vestland"
    ],
    "Oman": [
        "Ad Dakhiliyah",
        "Ad Dhahirah",
        "Al Batinah North",
        "Al Batinah South",
        "Al Buraimi",
        "Dhofar",
        "Musandam Governorate",
        "Muscat",
        "Northeastern Governorate",
        "Southeastern Governorate"
    ],
    "Pakistan": [
        "Azad Kashmir",
        "Balochistan",
        "Gilgit-Baltistan",
        "Islamabad",
        "Khyber Pakhtunkhwa",
        "Punjab",
        "Sindh"
    ],
    "Palau": [
        "Melekeok"
    ],
    "Palestine, State of": [
        "Gaza Strip",
        "West Bank"
    ],
    "Panama": [
        "Bocas del Toro Province",
        "Chiriqui Province",
        "Cocle",
        "Colon",
        "Panama",
        "Panama Oeste Province",
        "Veraguas Province"
    ],
    "Papua New Guinea": [
        "Bougainville",
        "East New Britain Province",
        "East Sepik Province",
        "Eastern Highlands Province",
        "Madang Province",
        "Morobe Province",
        "National Capital",
        "Oro Province",
        "Southern Highlands Province",
        "West New Britain Province",
        "Western Highlands Province",
        "Western Province"
    ],
    "Paraguay": [
        "Alto Parana Department",
        "Amambay Department",
        "Asuncion",
        "Boqueron Department",
        "Caaguazu Department",
        "Caazapa",
        "Central Department",
        "Concepcion",
        "Cordillera Department",
        "Guaira",
        "Itapua",
        "Misiones Department",
        "Neembucu Department",
        "Presidente Hayes"
    ],
    "Peru": [
        "Amazonas",
        "Ancash",
        "Apurimac Department",
        "Arequipa",
        "Ayacucho",
        "Cajamarca Department",
        "Callao",
        "Cuzco Department",
        "Huancavelica",
        "Huanuco Department",
        "Ica",
        "Junin",
        "La Libertad",
        "Lambayeque",
        "Lima Province",
        "Lima region",
        "Loreto",
        "Madre de Dios",
        "Moquegua Department",
        "Pasco",
        "Piura",
        "Puno",
        "San Martin Department",
        "Tacna",
        "Tumbes",
        "Ucayali"
    ],
    "Philippines": [
        "Autonomous Region in Muslim Mindanao",
        "Bicol Region",
        "Cagayan Valley",
        "Calabarzon",
        "Caraga",
        "Central Luzon",
        "Central Visayas",
        "Cordillera",
        "Davao Region",
        "Eastern Visayas",
        "Ilocos",
        "Metro Manila",
        "Mimaropa",
        "Northern Mindanao",
        "Soccsksargen",
        "Western Visayas",
        "Zamboanga Peninsula"
    ],
    "Pitcairn": [],
    "Poland": [
        "Greater Poland",
        "Kujawsko-Pomorskie",
        "Lesser Poland",
        "Lodz Voivodeship",
        "Lower Silesia",
        "Lublin",
        "Lubusz",
        "Mazovia",
        "Opole Voivodeship",
        "Podlasie",
        "Pomerania",
        "Silesia",
        "Subcarpathia",
        "Swietokrzyskie",
        "Warmia-Masuria",
        "West Pomerania"
    ],
    "Portugal": [
        "Aveiro",
        "Azores",
        "Beja",
        "Braga",
        "Braganca",
        "Castelo Branco",
        "Coimbra",
        "Evora",
        "Faro",
        "Guarda",
        "Leiria",
        "Lisbon",
        "Madeira",
        "Portalegre",
        "Porto",
        "Santarem",
        "Setubal",
        "Viana do Castelo",
        "Vila Real",
        "Viseu"
    ],
    "Puerto Rico": [
        "Aguadilla",
        "Arecibo",
        "Barceloneta",
        "Bayamon",
        "Caguas",
        "Carolina",
        "Catano",
        "Cayey",
        "Fajardo",
        "Guayama",
        "Guaynabo",
        "Humacao",
        "Manati",
        "Mayagueez",
        "Ponce",
        "San Juan",
        "Toa Baja",
        "Trujillo Alto",
        "Vega Baja",
        "Yauco"
    ],
    "Qatar": [
        "Al Khor",
        "Al Wakrah",
        "Al-Shahaniya",
        "Baladiyat ad Dawhah",
        "Baladiyat ar Rayyan",
        "Umm Salal"
    ],
    "Romania": [
        "Alba County",
        "Arad County",
        "Arges",
        "Bacau County",
        "Bihor County",
        "Bistrita-Nasaud County",
        "Botosani County",
        "Braila County",
        "Brasov County",
        "Bucuresti",
        "Buzau County",
        "Calarasi County",
        "Caras-Severin County",
        "Cluj County",
        "Constanta County",
        "Covasna County",
        "Dambovita County",
        "Dolj",
        "Galati County",
        "Giurgiu County",
        "Gorj County",
        "Harghita County",
        "Hunedoara County",
        "Ialomita County",
        "Iasi County",
        "Ilfov",
        "Maramures",
        "Mehedinti County",
        "Mures County",
        "Neamt County",
        "Olt",
        "Prahova",
        "Salaj County",
        "Satu Mare County",
        "Sibiu County",
        "Suceava",
        "Teleorman County",
        "Timis County",
        "Tulcea County",
        "Valcea County",
        "Vaslui County",
        "Vrancea"
    ],
    "Russian Federation": [
        "Adygeya Republic",
        "Altai",
        "Altai Krai",
        "Amur Oblast",
        "Arkhangelskaya",
        "Astrakhan Oblast",
        "Bashkortostan Republic",
        "Belgorod Oblast",
        "Bryansk Oblast",
        "Buryatiya Republic",
        "Chechnya",
        "Chelyabinsk",
        "Chukotka",
        "Chuvash Republic",
        "Dagestan",
        "Ingushetiya Republic",
        "Irkutsk Oblast",
        "Ivanovo Oblast",
        "Jewish Autonomous Oblast",
        "Kabardino-Balkariya Republic",
        "Kaliningrad Oblast",
        "Kalmykiya Republic",
        "Kaluga Oblast",
        "Kamchatka",
        "Karachayevo-Cherkesiya Republic",
        "Karelia",
        "Khabarovsk",
        "Khakasiya Republic",
        "Khanty-Mansia",
        "Kirov Oblast",
        "Komi",
        "Kostroma Oblast",
        "Krasnodar Krai",
        "Krasnoyarsk Krai",
        "Kurgan Oblast",
        "Kursk Oblast",
        "Kuzbass",
        "Leningradskaya Oblast'",
        "Lipetsk Oblast",
        "Magadan Oblast",
        "Mariy-El Republic",
        "Mordoviya Republic",
        "Moscow",
        "Moscow Oblast",
        "Murmansk",
        "Nenets",
        "Nizhny Novgorod Oblast",
        "North Ossetia-Alania",
        "Novgorod Oblast",
        "Novosibirsk Oblast",
        "Omsk Oblast",
        "Orenburg Oblast",
        "Oryol oblast",
        "Penza Oblast",
        "Perm Krai",
        "Primorye",
        "Pskov Oblast",
        "Republic of Tyva",
        "Rostov",
        "Ryazan Oblast",
        "Sakha",
        "Sakhalin Oblast",
        "Samara Oblast",
        "Saratov Oblast",
        "Smolensk Oblast",
        "St.-Petersburg",
        "Stavropol Kray",
        "Sverdlovsk Oblast",
        "Tambov Oblast",
        "Tatarstan Republic",
        "Tomsk Oblast",
        "Tula Oblast",
        "Tver Oblast",
        "Tyumen Oblast",
        "Udmurtiya Republic",
        "Ulyanovsk",
        "Vladimir Oblast",
        "Volgograd Oblast",
        "Vologda Oblast",
        "Voronezh Oblast",
        "Yamalo-Nenets",
        "Yaroslavl Oblast",
        "Zabaykalskiy (Transbaikal) Kray"
    ],
    "Rwanda": [
        "Eastern Province",
        "Kigali",
        "Northern Province",
        "Southern Province",
        "Western Province"
    ],
    "Réunion": [
        "Reunion"
    ],
    "Saint Barthélemy": [],
    "Saint Helena, Ascension and Tristan da Cunha": [
        "Saint Helena"
    ],
    "Saint Kitts and Nevis": [
        "Saint George Basseterre"
    ],
    "Saint Lucia": [
        "Castries",
        "Gros-Islet"
    ],
    "Saint Martin (French part)": [],
    "Saint Pierre and Miquelon": [
        "Saint-Pierre"
    ],
    "Saint Vincent and the Grenadines": [
        "Saint George Parish"
    ],
    "Samoa": [
        "Tuamasaga"
    ],
    "San Marino": [
        "San Marino"
    ],
    "Sao Tome and Principe": [
        "Sao Tome Island"
    ],
    "Saudi Arabia": [
        "'Asir Region",
        "Al Bahah Region",
        "Al Jawf Region",
        "Al-Qassim Region",
        "Eastern Province",
        "Ha'il Region",
        "Jazan Region",
        "Mecca Region",
        "Medina Region",
        "Najran Region",
        "Northern Borders Region",
        "Riyadh Region",
        "Tabuk Region"
    ],
    "Senegal": [
        "Dakar",
        "Diourbel Region",
        "Fatick",
        "Kaffrine",
        "Kaolack",
        "Kedougou",
        "Kolda",
        "Louga",
        "Matam",
        "Saint-Louis",
        "Sedhiou",
        "Tambacounda",
        "Thies",
        "Ziguinchor"
    ],
    "Serbia": [
        "Central Serbia",
        "Vojvodina"
    ],
    "Seychelles": [
        "La Riviere Anglaise"
    ],
    "Sierra Leone": [
        "Eastern Province",
        "North West",
        "Northern Province",
        "Southern Province",
        "Western Area"
    ],
    "Singapore": [],
    "Sint Maarten (Dutch part)": [],
    "Slovakia": [
        "Banska Bystrica Region",
        "Bratislava Region",
        "Kosice Region",
        "Nitra Region",
        "Presov Region",
        "Trencin Region",
        "Trnava Region",
        "Zilina Region"
    ],
    "Slovenia": [
        "Celje",
        "Koper-Capodistria",
        "Kranj",
        "Ljubljana",
        "Maribor City Municipality",
        "Novo Mesto",
        "Ptuj",
        "Trbovlje",
        "Velenje"
    ],
    "Solomon Islands": [
        "Honiara"
    ],
    "Somalia": [
        "Awdal",
        "Banaadir",
        "Bari",
        "Bay",
        "Galguduud",
        "Gedo",
        "Hiiraan",
        "Lower Juba",
        "Lower Shabeelle",
        "Middle Juba",
        "Middle Shabele",
        "Mudug",
        "Nugaal",
        "Sanaag",
        "Sool",
        "Togdheer",
        "Woqooyi Galbeed"
    ],
    "South Africa": [
        "Eastern Cape",
        "Free State",
        "Gauteng",
        "KwaZulu-Natal",
        "Limpopo",
        "Mpumalanga",
        "North West",
        "Northern Cape",
        "Western Cape"
    ],
    "South Georgia and the South Sandwich Islands": [],
    "South Sudan": [
        "Central Equatoria",
        "Eastern Equatoria",
        "Jonglei",
        "Lakes",
        "Northern Bahr al Ghazal",
        "Unity",
        "Upper Nile",
        "Warrap",
        "Western Bahr al Ghazal",
        "Western Equatoria"
    ],
    "Spain": [
        "Andalusia",
        "Aragon",
        "Asturias",
        "Balearic Islands",
        "Basque Country",
        "Canary Islands",
        "Cantabria",
        "Castille and Leon",
        "Castille-La Mancha",
        "Catalonia",
        "Ceuta",
        "Extremadura",
        "Galicia",
        "La Rioja",
        "Madrid",
        "Melilla",
        "Murcia",
        "Navarre",
        "Valencia"
    ],
    "Sri Lanka": [
        "Central Province",
        "Eastern Province",
        "North Central Province",
        "North Western Province",
        "Northern Province",
        "Sabaragamuwa Province",
        "Southern Province",
        "Uva Province",
        "Western Province"
    ],
    "Sudan": [
        "Al Jazirah",
        "Al Qadarif",
        "Blue Nile",
        "Central Darfur",
        "Eastern Darfur",
        "Kassala",
        "Khartoum",
        "North Kordofan",
        "Northern Darfur",
        "Northern State",
        "Red Sea",
        "River Nile",
        "Sinnar",
        "Southern Darfur",
        "Southern Kordofan",
        "West Kordofan State",
        "Western Darfur",
        "White Nile"
    ],
    "Suriname": [
        "Paramaribo District",
        "Wanica District"
    ],
    "Svalbard and Jan Mayen": [
        "Svalbard"
    ],
    "Sweden": [
        "Blekinge",
        "Dalarna",
        "Gaevleborg",
        "Gotland",
        "Halland",
        "Jaemtland",
        "Joenkoeping",
        "Kalmar",
        "Kronoberg",
        "Norrbotten",
        "OErebro",
        "OEstergoetland",
        "Skane",
        "Soedermanland",
        "Stockholm",
        "Uppsala",
        "Vaermland",
        "Vaesterbotten",
        "Vaesternorrland",
        "Vaestmanland",
        "Vaestra Goetaland"
    ],
    "Switzerland": [
        "Aargau",
        "Appenzell Ausserrhoden",
        "Basel-City",
        "Basel-Landschaft",
        "Bern",
        "Fribourg",
        "Geneva",
        "Grisons",
        "Lucerne",
        "Neuchatel",
        "Saint Gallen",
        "Schaffhausen",
        "Schwyz",
        "Solothurn",
        "Thurgau",
        "Ticino",
        "Valais",
        "Vaud",
        "Zug",
        "Zurich"
    ],
    "Syrian Arab Republic": [
        "Al-Hasakah",
        "Aleppo",
        "Ar-Raqqah",
        "As-Suwayda",
        "Daraa",
        "Deir ez-Zor",
        "Dimashq",
        "Hama",
        "Homs",
        "Idlib",
        "Latakia",
        "Quneitra",
        "Rif-dimashq",
        "Tartus"
    ],
    "Taiwan, Province of China": [
        "Fukien",
        "Taipei",
        "Taiwan",
        "Takao"
    ],
    "Tajikistan": [
        "Dushanbe",
        "Gorno-Badakhshan",
        "Khatlon Province",
        "Republican Subordination",
        "Sughd"
    ],
    "Tanzania, United Republic of": [
        "Arusha",
        "Dar es Salaam Region",
        "Dodoma",
        "Geita",
        "Iringa",
        "Kagera",
        "Katavi",
        "Kigoma",
        "Kilimanjaro",
        "Lindi",
        "Manyara",
        "Mara",
        "Mbeya",
        "Morogoro",
        "Mtwara",
        "Mwanza",
        "Njombe",
        "Pemba North",
        "Pemba South",
        "Pwani",
        "Rukwa",
        "Ruvuma",
        "Shinyanga",
        "Simiyu",
        "Singida",
        "Songwe",
        "Tabora",
        "Tanga",
        "Zanzibar Central/South",
        "Zanzibar North",
        "Zanzibar Urban/West"
    ],
    "Thailand": [
        "Amnat Charoen",
        "Ang Thong",
        "Bangkok",
        "Bueng Kan",
        "Buriram",
        "Chachoengsao",
        "Chai Nat",
        "Chaiyaphum",
        "Chanthaburi",
        "Chiang Mai",
        "Chiang Rai",
        "Chon Buri",
        "Chumphon",
        "Kalasin",
        "Kamphaeng Phet",
        "Kanchanaburi",
        "Khon Kaen",
        "Krabi",
        "Lampang",
        "Lamphun",
        "Loei",
        "Lopburi",
        "Maha Sarakham",
        "Mukdahan",
        "Nakhon Nayok",
        "Nakhon Pathom",
        "Nakhon Phanom",
        "Nakhon Ratchasima",
        "Nakhon Sawan",
        "Nakhon Si Thammarat",
        "Nan",
        "Narathiwat",
        "Nong Bua Lamphu",
        "Nong Khai",
        "Nonthaburi",
        "Pathum Thani",
        "Pattani",
        "Phatthalung",
        "Phayao",
        "Phetchabun",
        "Phetchaburi",
        "Phichit",
        "Phitsanulok",
        "Phra Nakhon Si Ayutthaya",
        "Phrae",
        "Phuket",
        "Prachin Buri",
        "Prachuap Khiri Khan",
        "Ranong province",
        "Ratchaburi",
        "Rayong",
        "Roi Et",
        "Sa Kaeo",
        "Sakon Nakhon",
        "Samut Prakan",
        "Samut Sakhon",
        "Samut Songkhram",
        "Saraburi",
        "Satun",
        "Si Sa Ket",
        "Sing Buri",
        "Songkhla",
        "Sukhothai",
        "Suphan Buri",
        "Surat Thani",
        "Surin",
        "Tak",
        "Trang",
        "Trat",
        "Ubon Ratchathani",
        "Udon Thani",
        "Uthai Thani",
        "Uttaradit",
        "Yala",
        "Yasothon"
    ],
    "Timor-Leste": [
        "Aileu",
        "Baucau",
        "Bobonaro",
        "Cova Lima",
        "Dili Municipality",
        "Lautem",
        "Liquica"
    ],
    "Togo": [
        "Centrale",
        "Kara",
        "Maritime",
        "Plateaux",
        "Savanes"
    ],
    "Tonga": [
        "Tongatapu"
    ],
    "Trinidad and Tobago": [
        "Borough of Arima",
        "Chaguanas",
        "Diego Martin Regional Corporation",
        "Mayaro",
        "Point Fortin",
        "Port of Spain",
        "San Fernando",
        "San Juan/Laventille",
        "Sangre Grande Regional Corporation",
        "Tobago",
        "Tunapuna/Piarco"
    ],
    "Tunisia": [
        "Ariana Governorate",
        "Beja Governorate",
        "Ben Arous Governorate",
        "Bizerte Governorate",
        "Gabes Governorate",
        "Gafsa",
        "Jendouba Governorate",
        "Kairouan",
        "Kasserine Governorate",
        "Kebili Governorate",
        "Kef Governorate",
        "Mahdia Governorate",
        "Manouba",
        "Medenine Governorate",
        "Monastir Governorate",
        "Nabeul Governorate",
        "Sfax Governorate",
        "Sidi Bouzid Governorate",
        "Siliana Governorate",
        "Sousse Governorate",
        "Tataouine",
        "Tozeur Governorate",
        "Tunis Governorate",
        "Zaghouan Governorate"
    ],
    "Turkmenistan": [
        "Ahal",
        "Ashgabat",
        "Balkan",
        "Dasoguz",
        "Lebap",
        "Mary"
    ],
    "Turks and Caicos Islands": [],
    "Tuvalu": [
        "Funafuti"
    ],
    "Türkiye": [
        "Adana",
        "Adiyaman Province",
        "Afyonkarahisar Province",
        "Agri",
        "Aksaray",
        "Amasya",
        "Ankara",
        "Antalya",
        "Ardahan",
        "Artvin",
        "Aydin",
        "Balikesir",
        "Bartin",
        "Batman",
        "Bayburt Province",
        "Bilecik",
        "Bingoel",
        "Bitlis",
        "Bolu",
        "Burdur",
        "Bursa Province",
        "Canakkale",
        "Cankiri",
        "Corum",
        "Denizli",
        "Diyarbakir Province",
        "Duzce",
        "Edirne",
        "Elazig",
        "Erzincan",
        "Erzurum",
        "Eskisehir",
        "Gaziantep",
        "Giresun",
        "Guemueshane Province",
        "Hakkari",
        "Hatay",
        "Igdir",
        "Isparta",
        "Istanbul",
        "Izmir Province",
        "Kahramanmaras",
        "Karabuek Province",
        "Karaman",
        "Kars Province",
        "Kastamonu",
        "Kayseri",
        "Kilis",
        "Kirikkale",
        "Kirklareli",
        "Kirsehir",
        "Kocaeli",
        "Konya",
        "Kuetahya",
        "Malatya",
        "Manisa",
        "Mardin",
        "Mersin",
        "Mugla",
        "Mus",
        "Nevsehir Province",
        "Nigde Province",
        "Ordu",
        "Osmaniye",
        "Rize Province",
        "Sakarya",
        "Samsun",
        "Sanliurfa",
        "Siirt",
        "Sinop",
        "Sirnak",
        "Sivas",
        "Tekirdag",
        "Tokat Province",
        "Trabzon",
        "Tunceli",
        "Usak",
        "Van",
        "Yalova",
        "Yozgat",
        "Zonguldak Province"
    ],
    "Uganda": [
        "Central Region",
        "Eastern Region",
        "Northern Region",
        "Western Region"
    ],
    "Ukraine": [
        "Cherkasy",
        "Chernihiv",
        "Chernivtsi",
        "Crimea",
        "Dnipropetrovsk",
        "Donetsk",
        "Ivano-Frankivsk",
        "Kharkivs'ka Oblast'",
        "Kherson",
        "Khmelnytskyi",
        "Kiev",
        "Kirovohrad",
        "Kyiv City",
        "Luhansk",
        "Lviv",
        "Mykolaiv",
        "Odessa",
        "Poltava",
        "Rivne",
        "Sevastopol City",
        "Sumy",
        "Ternopil",
        "Vinnytsia",
        "Volyn",
        "Zakarpattia",
        "Zaporizhzhia",
        "Zhytomyr"
    ],
    "United Arab Emirates": [
        "Abu Dhabi",
        "Ajman",
        "Dubai",
        "Fujairah",
        "Ra's al Khaymah",
        "Sharjah",
        "UmmalQaywayn"
    ],
    "United Kingdom": [
        "England",
        "Northern Ireland",
        "Scotland",
        "Wales"
    ],
    "United States": [
        "Alabama",
        "Alaska",
        "Arizona",
        "Arkansas",
        "California",
        "Colorado",
        "Connecticut",
        "Delaware",
        "District of Columbia",
        "Florida",
        "Georgia",
        "Hawaii",
        "Idaho",
        "Illinois",
        "Indiana",
        "Iowa",
        "Kansas",
        "Kentucky",
        "Louisiana",
        "Maine",
        "Maryland",
        "Massachusetts",
        "Michigan",
        "Minnesota",
        "Mississippi",
        "Missouri",
        "Montana",
        "Nebraska",
        "Nevada",
        "New Hampshire",
        "New Jersey",
        "New Mexico",
        "New York",
        "North Carolina",
        "North Dakota",
        "Ohio",
        "Oklahoma",
        "Oregon",
        "Pennsylvania",
        "Rhode Island",
        "South Carolina",
        "South Dakota",
        "Tennessee",
        "Texas",
        "Utah",
        "Vermont",
        "Virginia",
        "Washington",
        "West Virginia",
        "Wisconsin",
        "Wyoming"
    ],
    "Uruguay": [
        "Artigas",
        "Canelones",
        "Cerro Largo",
        "Colonia",
        "Durazno Department",
        "Flores Department",
        "Florida",
        "Lavalleja",
        "Maldonado",
        "Montevideo Department",
        "Paysandu Department",
        "Rio Negro Department",
        "Rivera Department",
        "Rocha Department",
        "Salto Department",
        "San Jose Department",
        "Soriano",
        "Tacuarembo Department",
        "Treinta y Tres Department"
    ],
    "Uzbekistan": [
        "Andijan Region",
        "Bukhara",
        "Fergana",
        "Jizzakh Region",
        "Karakalpakstan",
        "Namangan",
        "Navoiy Region",
        "Qashqadaryo",
        "Samarqand Region",
        "Sirdaryo Region",
        "Surxondaryo Region",
        "Tashkent",
        "Tashkent Region",
        "Xorazm Region"
    ],
    "Vanuatu": [
        "Shefa"
    ],
    "Venezuela, Bolivarian Republic of": [
        "Amazonas",
        "Anzoategui",
        "Apure",
        "Aragua",
        "Barinas",
        "Bolivar",
        "Carabobo",
        "Cojedes",
        "Delta Amacuro",
        "Distrito Federal",
        "Falcon",
        "Guarico",
        "Lara",
        "Merida",
        "Miranda",
        "Monagas",
        "Nueva Esparta",
        "Portuguesa",
        "Sucre",
        "Tachira",
        "Trujillo",
        "Vargas",
        "Yaracuy",
        "Zulia"
    ],
    "Viet Nam": [
        "An Giang",
        "Bac Ninh",
        "Ca Mau",
        "Can Tho City",
        "Cao Bang Province",
        "Da Nang City",
        "Dak Lak",
        "Dong Nai",
        "Dong Thap",
        "GJien Bien Province",
        "Gia Lai",
        "Ha Tinh Province",
        "Hai Phong",
        "Hanoi",
        "Ho Chi Minh City (HCMC)",
        "Hung Yen Province",
        "Khanh Hoa",
        "Lai Chau Province",
        "Lam Dong",
        "Lang Son Province",
        "Lao Cai",
        "Nghe An Province",
        "Ninh Binh",
        "Phu Tho",
        "Quang Ngai",
        "Quang Ninh",
        "Quang Tri",
        "Son La Province",
        "Tay Ninh",
        "Thai Nguyen",
        "Thanh Hoa Province",
        "Thua Thien Hue Province",
        "Tuyen Quang",
        "Vinh Long"
    ],
    "Virgin Islands, British": [],
    "Virgin Islands, U.S.": [
        "Saint Croix Island",
        "Saint Thomas Island"
    ],
    "Wallis and Futuna": [
        "Uvea"
    ],
    "Western Sahara": [],
    "Yemen": [
        "Abyan Governorate",
        "Aden",
        "Al Bayda",
        "Al Hudaydah",
        "Al Jawf",
        "Amanat Alasimah",
        "Dhamar",
        "Hajjah",
        "Ibb Governorate",
        "Lahij",
        "Ma'rib",
        "Muhafazat Hadramaout",
        "Omran",
        "Sa'dah",
        "Sanaa Governorate",
        "Shabwah",
        "Ta'izz"
    ],
    "Zambia": [
        "Central Province",
        "Copperbelt",
        "Eastern Province",
        "Luapula Province",
        "Lusaka Province",
        "Muchinga",
        "North-Western",
        "Northern Province",
        "Southern Province",
        "Western Province"
    ],
    "Zimbabwe": [
        "Bulawayo",
        "Harare",
        "Manicaland",
        "Mashonaland Central",
        "Mashonaland East Province",
        "Mashonaland West",
        "Masvingo Province",
        "Matabeleland North",
        "Matabeleland South Province",
        "Midlands Province"
    ],
    "Åland Islands": [
        "Mariehamns stad"
    ]
}